time,SHARD_MEGALITH,SHARD_TIAMAT,ROBOTRON_REFLECTOR,ENCHANTMENT_PESTERMINATOR_1,SHARD_SHINYFISH,MOLTEN_POWDER,HEMOBOMB,SHARD_SEA_EMPEROR,SEARING_STONE,SHARD_LIZARD_KING,ENCHANTED_SULPHUR_CUBE,SHARD_HIDEONCAVE,ENCHANTED_COOKED_SALMON,SHARD_POWER_DRAGON,SHARD_CUBOA,ENCHANTED_DIAMOND_BLOCK,SHARD_SALAMANDER,ENCHANTMENT_ULTIMATE_WISE_2,JERRY_BOX_PURPLE,HORSEMAN_CANDLE,WHIPPED_MAGMA_CREAM,TITANIC_EXP_BOTTLE,DUNGEON_CHEST_KEY
2025-11-26 19:24:50,[257683.6031100478],[363149.2050341945],[224474.18798209782],[278948.9747505308],[284760.84498037765],[293155.26307057583],[270301.6925720039],[272426.3153533514],[238284.44123893807],[240395.69839357428],[253648.64226657644],[267540.85243319103],[253700.34528847996],[499143.1486978049],[260732.4760403531],[206141.23369773696],[245486.28568141593],[236346.45565007505],[244498.08509274875],[299660.45115111803],[201758.20537643202],[413149.32142441196],[219607.51497176575]
